n_populacao,taxa_crossover,taxa_mutacao,tamanho_torneio,elite_pct,n_geracoes,tamanho_elite
240,0.7614155472040407,0.2885944502557952,11,0.08177331406290822,150,20
284,0.6858873005099131,0.0693880720963783,14,0.04523723678167745,150,13
123,0.7515113048103761,0.23123063721415948,8,0.23969133032091805,150,29
51,0.7575889386333234,0.17366731564759327,7,0.3673067574272486,150,19
191,0.7122850541316806,0.04361664744201203,9,0.3986219857418875,150,76
102,0.593751611539431,0.2737988724389434,11,0.33040225996178324,150,34
124,0.6375782376059596,0.17147138906993753,5,0.3476066942001885,150,43
206,0.6460705332884065,0.12489476405517005,15,0.07146640421001207,150,15
115,0.7909822134775374,0.0800075750177957,4,0.3964729638332103,150,46
256,0.7315549510551455,0.2719156523431452,13,0.10792299640558281,150,28
134,0.5003633410812978,0.07090873571560108,9,0.2536706875268075,150,34
152,0.6960398946874726,0.2169833721049385,11,0.33406189051995455,150,51
107,0.9413762110550398,0.20559096319931564,11,0.3188416697849704,150,34
116,0.5213567401970394,0.12300141182943976,6,0.2366302620941606,150,27
259,0.8622039968481439,0.23382216602271436,6,0.1946740612342608,150,50
185,0.5460429308884368,0.22843964591901814,10,0.21030500380945905,150,39
226,0.6082609602522357,0.09725357454396893,5,0.16834380355520323,150,38
129,0.5203555104718129,0.21419249635187432,14,0.13725644363969147,150,18
276,0.8985727583963019,0.28028029230651363,12,0.1825306344021564,150,50
220,0.7773997337951828,0.22945997880175523,12,0.07957789140825902,150,18
194,0.8207922515180255,0.11347244746392593,3,0.2779194211414479,150,54
189,0.7158324463879061,0.20285852323838707,9,0.17390128294342921,150,33
227,0.8026809919265618,0.13141101078647394,4,0.2870734351632775,150,65
74,0.6266927553918884,0.13597637800416318,14,0.011497401306856387,150,1
209,0.859802501467245,0.24746043356118036,10,0.21799802071024466,150,46
202,0.5285533988021697,0.03532143476847113,10,0.09068673432820266,150,18
207,0.6937124694234178,0.29649828655619215,9,0.16758169857753033,150,35
167,0.9148738771944895,0.06340414498582783,10,0.004518802480850216,150,1
98,0.644397905641817,0.2762440461256946,14,0.30947130952561325,150,30
202,0.5954001058859353,0.14280682179884047,10,0.24329896554269156,150,49
186,0.5441358678961385,0.09412672607867492,11,0.12784873614998948,150,24
267,0.6604639012430452,0.21029894093160567,13,0.33037166118676414,150,88
137,0.7636724246325207,0.12733202608565403,9,0.20233757512031356,150,28
229,0.8472877440742208,0.08192432844269446,8,0.1655515751701411,150,38
298,0.8864809692330939,0.1550118061022507,7,0.39130386665007877,150,117
117,0.7203588582237886,0.1999877883613421,5,0.1216188326947008,150,14
266,0.57260023249721,0.25216150233343093,4,0.14288685838805523,150,38
70,0.5817963602119456,0.19292296284048932,12,0.10002694236814046,150,7
295,0.8564578216684913,0.1749074646403036,13,0.06578589257996317,150,19
205,0.5060885986954998,0.035464901678033595,14,0.18462919256761628,150,38
209,0.9291469301547967,0.24348169072825743,12,0.15001900654991773,150,31
286,0.7223199135030183,0.23147301832523431,5,0.13528635217047824,150,39
62,0.7722969073171391,0.13038313308369692,12,0.395256988839862,150,25
263,0.8151106357114817,0.10091267181654973,9,0.02565647002680457,150,7
162,0.7242602658373591,0.08767588713146798,5,0.2700088849364364,150,44
193,0.7698065201505886,0.2628107168064926,13,0.20274417575750014,150,39
60,0.5691685545354566,0.18386980253804686,14,0.2586234318919885,150,16
233,0.5413253681278287,0.07956894775008666,5,0.17571466938446548,150,41
178,0.7311540922050653,0.1578018918646251,12,0.23437075508045285,150,42
158,0.7466057911578811,0.29394037274013374,11,0.2170556296637245,150,34
253,0.5313913090860918,0.033742879575499395,4,0.39967657365866593,150,101
90,0.9295179856778562,0.13677915102028496,11,0.3821666151006358,150,34
164,0.8950516708078327,0.12527208624680164,7,0.28560849418227613,150,47
273,0.6365018366190679,0.14341223813554932,8,0.3742032108984546,150,102
145,0.7654523137164981,0.23273913223795978,10,0.24789448889823007,150,36
142,0.7103943824861501,0.043349086492042894,15,0.3078446309314224,150,44
172,0.6156739928592788,0.21173383879001761,4,0.0008915268967987912,150,0
229,0.6029228183266795,0.21547965806442093,6,0.04956653709528137,150,11
188,0.587024453069862,0.12061558777964486,11,0.04291896772351242,150,8
159,0.7815854690815365,0.0559561496689341,13,0.3799748959152117,150,60
294,0.5504845891544394,0.09505026846759901,8,0.23199273009225913,150,68
80,0.5277605389626611,0.1447228253015273,6,0.08366855670089149,150,7
269,0.7834801944411547,0.18494662444262597,12,0.3631470983914939,150,98
130,0.9199448072525261,0.2914269556737774,5,0.2967396444844101,150,39
134,0.5361912704564831,0.19923808164172713,4,0.037991350114075895,150,5
225,0.5527714652996163,0.033003072952554,7,0.045937563500959594,150,10
95,0.6913404414837677,0.2528695708069454,6,0.10488966401105089,150,10
111,0.9206088077446006,0.032196858791184196,10,0.31009683314051895,150,34
217,0.8442535785467826,0.1971330004833053,6,0.04974385898560917,150,11
76,0.6944170481240918,0.15860069662411586,5,0.22321027347659134,150,17
55,0.7656635754701197,0.1399390254058565,5,0.2910566905246112,150,16
291,0.6828800522916996,0.16255558293529684,12,0.3668015281842856,150,107
126,0.8692630222760694,0.27222451909546835,8,0.2380531836969674,150,30
258,0.82956019238196,0.05458081643544903,7,0.38153473236438473,150,98
240,0.7835170118262036,0.23069330443412467,7,0.3550553334304042,150,85
203,0.8076633132079639,0.26717331467458605,10,0.23288252651404548,150,47
106,0.8521822306398222,0.03876060553500786,13,0.003246444285835695,150,0
143,0.7299473372623773,0.2270978431204154,15,0.08015708496737084,150,11
220,0.9481817707546488,0.20616822695853204,8,0.13366607401657316,150,29
295,0.5139834376544796,0.05943528852403067,8,0.22657736707626577,150,67
288,0.5393474757228383,0.26074036373121284,11,0.3388808061518845,150,98
97,0.6456533806996619,0.18312881221647534,9,0.01361443152891976,150,1
92,0.8877222616568274,0.26173435013793345,5,0.07414933241326176,150,7
238,0.5996924881316956,0.12675489917584995,4,0.13167748793328934,150,31
196,0.768022257093536,0.11381028990756932,14,0.2738016154408837,150,54
129,0.8964246079409993,0.07814178031313324,12,0.11463877131021279,150,15
175,0.6577927833638497,0.2644014681679625,5,0.2755058641201393,150,48
212,0.8726680960826637,0.23544164744256535,7,0.27854196550153376,150,59
253,0.8124842307137995,0.13364628821409963,4,0.19868614743087526,150,50
280,0.6419042269896709,0.1803914778962063,9,0.12358260056383741,150,35
75,0.5072206915809429,0.042640764102170825,8,0.0686275726142944,150,5
267,0.7558675217133011,0.07245262891192683,9,0.20896175647827314,150,56
236,0.8464606091116901,0.18886456773209043,13,0.060980064787997085,150,14
83,0.7957943662752789,0.2300906754276605,10,0.31532994009773374,150,26
104,0.9059319815388938,0.26852816668150614,8,0.17453115888600448,150,18
283,0.5673658680295932,0.29077498577105787,12,0.15950216549498758,150,45
86,0.90113545953735,0.24657312352602187,12,0.03284163950079987,150,3
199,0.8860149311500622,0.23575614635006348,14,0.07624644399576538,150,15
235,0.5655361595673702,0.2564603729585816,4,0.12126475195363418,150,28
269,0.6016500538279087,0.042073882753877766,7,0.243051042676154,150,65
156,0.6255301029205966,0.28581338916174204,11,0.2448443767265908,150,38
56,0.5172996205038274,0.11593426344816263,4,0.3173908747291402,150,18
105,0.8670692857380462,0.07305837313102376,13,0.10461584448031554,150,11
121,0.9177083804593315,0.09033791012028669,6,0.05202566326729995,150,6
64,0.523896494876911,0.08031901745682873,3,0.26278729337773804,150,17
80,0.7487389193066303,0.14396885745178487,9,0.37751704961237925,150,30
132,0.6305933908945948,0.07175025700124563,11,0.3659830746074908,150,48
69,0.7359711967459164,0.2735082742197795,8,0.2658612938940641,150,18
62,0.6629396580844931,0.1677832751063206,5,0.322204879339563,150,20
153,0.6219727707661764,0.15390023006855214,15,0.2197392186163165,150,34
270,0.7059463900683624,0.14227764291305708,14,0.09372869826925588,150,25
120,0.8499691131340578,0.25784915245999546,13,0.08529380545970913,150,10
139,0.6509980448192196,0.21131182087132158,15,0.06652896598420567,150,9
176,0.8743323383925037,0.15602240249797758,11,0.16283014285376657,150,29
168,0.5595811421622044,0.2889807899633864,5,0.15623170065257166,150,26
173,0.7495320884642835,0.09912638917918128,15,0.3591102358197893,150,62
171,0.545257544138871,0.03729971393444683,12,0.017585663073936365,150,3
63,0.6967930162882243,0.17985210211110544,10,0.020934662630902972,150,1
61,0.787708397633347,0.27836780517380105,14,0.02492492838087772,150,2
159,0.7435260939016397,0.04880696048951744,15,0.005520352931562781,150,1
130,0.8240046000039637,0.046944331526164326,13,0.2501995564037884,150,33
166,0.9370033768999169,0.1071157585308412,10,0.11285355293292228,150,19
89,0.5066915680341362,0.25579937058295377,10,0.10866927713299884,150,10
126,0.7979736842581093,0.2845244054325625,11,0.2771297420316708,150,35
77,0.7621936414211998,0.2664338417222977,13,0.3632284119729312,150,28
223,0.776652779286848,0.08511139859838651,13,0.04049428760687343,150,9
190,0.6889739474679366,0.058994159057693035,6,0.35588428650676107,150,68
179,0.9120996676846216,0.1284485525029251,9,0.3051829044172502,150,55
278,0.8812172037383037,0.25066452219606955,13,0.27297528815133804,150,76
204,0.5480129501671462,0.2245686557431174,5,0.36816651086194674,150,75
216,0.8827793898743439,0.048247891159894286,9,0.09626020852129558,150,21
79,0.679520804047503,0.1717755288797723,3,0.22204919603301299,150,18
230,0.5852891993192011,0.28920254232250486,7,0.17341204687627998,150,40
140,0.6408449791688404,0.09103811970070133,9,0.3252693704314559,150,46
282,0.8115372780521807,0.051367817130507004,12,0.3849579883675116,150,109
244,0.8507664090171356,0.03429644338285012,7,0.19237927345752187,150,47
115,0.6198629432517903,0.22053089913808324,3,0.3057692930367655,150,35
193,0.898783283849995,0.26495880688967444,8,0.17981150330692539,150,35
224,0.5642888427220639,0.08906577766286662,14,0.29391329651012427,150,66
78,0.904178646273365,0.1968525126431768,13,0.03686490833965678,150,3
244,0.5028862421997718,0.10618514958006595,8,0.17671099579391597,150,43
135,0.7922605125579864,0.25873289213966244,8,0.23566271481011425,150,32
68,0.6185324816820525,0.25816046674699356,11,0.32942801239910935,150,22
119,0.6357510178067145,0.191538795703501,5,0.17088661126252558,150,20
210,0.7735162966882135,0.10825242212628697,8,0.07485845148916151,150,16
198,0.5836921389963949,0.1374867160099288,5,0.17202003789752335,150,34
173,0.5860462158976997,0.27689678453038524,7,0.0196499336432287,150,3
111,0.6772343396435644,0.22102353019595478,12,0.03195252615688274,150,4
67,0.8798908085547354,0.24037366914932703,10,0.16631900447352158,150,11
114,0.7009790369271984,0.2815542972111649,4,0.2922513111195446,150,33
105,0.8144294424804317,0.13175678722101675,10,0.21876618801500303,150,23
232,0.8039759399282878,0.0886834436108746,9,0.055331566315551764,150,13
142,0.784913945533678,0.2789270648759442,5,0.11100152275417147,150,16
148,0.8557774933552922,0.1404274130022121,10,0.21245319563913148,150,31
261,0.7746518166413064,0.11913404169408888,9,0.23041126113515104,150,60
93,0.6624292009375836,0.11431596265939424,7,0.28530079407874753,150,27
250,0.5565693994245992,0.18395464237761253,7,0.02966197156891581,150,7
199,0.9275354968925649,0.14586698206780824,6,0.11892789418946598,150,24
223,0.7585585687596779,0.17048430305413312,11,0.03265334908649661,150,7
108,0.6641502925748138,0.15294454958909276,3,0.22243788290862618,150,24
82,0.8371882318262582,0.1462461459719412,9,0.27276209531530626,150,22
94,0.5535863834884307,0.18178912046391676,6,0.14351109597048414,150,13
289,0.9386217057634608,0.2605739713219161,6,0.02469882172747644,150,7
122,0.779076729644454,0.06825567884270434,8,0.08157857290912929,150,10
106,0.9457337531269807,0.11741317219676235,5,0.08688126316730894,150,9
231,0.5324650301611942,0.12411013882120504,7,0.38574656146406355,150,89
250,0.5163956534217228,0.16830603764867608,5,0.2670541336726954,150,67
217,0.5805793403019677,0.03041048129102308,4,0.227759567110561,150,49
81,0.8617105490266974,0.07476086172694192,5,0.16668500174749945,150,14
227,0.6844536879633164,0.15549799294719138,10,0.009474936951324106,150,2
123,0.8453189305905262,0.2428597672566913,4,0.2087634751591422,150,26
237,0.8748136892301335,0.07561537152743633,14,0.36498353789622673,150,87
64,0.8924402274900274,0.20430212878865803,7,0.02062064261081159,150,1
88,0.5263555644842884,0.28371175514239544,12,0.35408095039679266,150,31
180,0.5547954152077607,0.06515019455389179,4,0.012035369403366285,150,2
125,0.6876918923659167,0.20458461003837794,14,0.03400662254743521,150,4
155,0.65414517178507,0.1522663890068904,8,0.018768926711785844,150,3
148,0.6333623443052356,0.26348741177576895,7,0.10091549524493382,150,15
195,0.7665713753991198,0.2953457387067554,8,0.22565323778506877,150,44
91,0.7689134431376566,0.29438289202982093,8,0.20339739608886775,150,19
127,0.5386410385654865,0.18646765805220686,13,0.2644485851827928,150,34
266,0.6867127534440034,0.10469267707516101,5,0.2826392050306069,150,75
210,0.5318691958667435,0.1754773833116187,4,0.3923668275007294,150,82
231,0.8573174008790558,0.2095586683305078,13,0.3202892012060967,150,74
88,0.5764297855499634,0.21891091486516565,7,0.1307134884578491,150,12
59,0.8306739122856859,0.12622564349467613,10,0.38394011763529323,150,23
97,0.5499494726914699,0.04029354846442859,8,0.1782470675671937,150,17
169,0.6169850669041597,0.08829826227034322,11,0.34214976619425647,150,58
122,0.7972562040587335,0.1295324415559183,5,0.303548219210344,150,37
285,0.7373444954248396,0.16988792925473478,5,0.053727562717032024,150,15
84,0.5046776188882649,0.154616526794856,4,0.08434873655721001,150,7
163,0.8178209805675252,0.055097796076489625,9,0.3128964712695624,150,51
246,0.7552667814718861,0.11014154713813402,6,0.19401107560808065,150,48
103,0.6734245724210168,0.20083657434422217,8,0.11974253893087011,150,12
58,0.6776339569247587,0.1922155131329936,9,0.20699448095628062,150,12
99,0.5556784388981384,0.2824631088507743,7,0.24237917922733254,150,24
73,0.7402852181541003,0.27964577033804594,13,0.2547640621095214,150,19
75,0.5439825927819203,0.2668460022721198,7,0.21325786122971901,150,16
146,0.6493739156161257,0.10932948528364769,8,0.09001330067216809,150,13
163,0.8384421561792811,0.12166681460139049,13,0.15746731607090683,150,26
107,0.7534760366104968,0.04629058217262916,6,0.2614526289815312,150,28
201,0.5221671961785408,0.1150881124042116,13,0.3890551765959901,150,78
228,0.8380270310793848,0.23658252610722236,6,0.039706527885340175,150,9
96,0.5377152203483831,0.20163996911646878,11,0.2153499263614946,150,21
90,0.8647935737261843,0.13801745914549934,14,0.15566910689041857,150,14
104,0.5919714686435542,0.1935278722149528,7,0.25331688672279906,150,26
215,0.5132317504614692,0.17272418636165998,14,0.19007439420628383,150,41
155,0.7132220187604433,0.21489561332116283,5,0.15358599596240316,150,24
242,0.643760428722915,0.22402819840004795,5,0.01617296984104721,150,4
255,0.6901249713169428,0.25086747192773606,8,0.33337152563411077,150,85
57,0.8674570289465556,0.07656779043919348,5,0.13870395508665734,150,8
138,0.9342863161562012,0.09200051591499939,3,0.09689578405851557,150,13
200,0.7788735504314688,0.13719034358934662,7,0.19660299824960084,150,39
292,0.943591083421666,0.06117996462345925,11,0.2300820326130126,150,67
198,0.773802275928746,0.2986242721014002,11,0.24938874914173914,150,49
296,0.827524265369707,0.09900857677351489,12,0.3428312992929437,150,101
216,0.8786187274325177,0.06647308435992597,14,0.21065779030594128,150,46
196,0.7256874597434129,0.14966908858882427,4,0.12073381730802979,150,24
127,0.647013019008015,0.09691793018359061,12,0.03558425802431307,150,5
151,0.6005619140079763,0.19808559896690298,7,0.25198019615453504,150,38
184,0.6752287174732987,0.1599383156242852,9,0.23479246556055605,150,43
51,0.84088209442604,0.18762810527075524,6,0.1344558388722382,150,7
259,0.5085397698727894,0.24980488860766334,7,0.34463950125089915,150,89
207,0.6566507245930112,0.2371583411113692,9,0.1784205490289898,150,37
238,0.7030544786302757,0.06440560252402756,3,0.04104948637758729,150,10
114,0.8654911479190546,0.277835000423248,12,0.18332713436726192,150,21
226,0.6668411337666142,0.24872560228925614,6,0.2996713864933994,150,68
79,0.7170261278851261,0.036311157412982104,14,0.28788232774539163,150,23
254,0.9237813726698023,0.17905674855642476,13,0.03487966309549557,150,9
177,0.5521614784488462,0.0834976627786527,7,0.007745786885894255,150,1
241,0.5755222030940971,0.14833551715664725,14,0.10895814953844052,150,26
245,0.5396617871407169,0.046162075835469475,6,0.3609460853822852,150,88
239,0.8998583576016577,0.06395475984058152,11,0.3481105680045186,150,83
214,0.6324117843475919,0.28290376062911715,9,0.2164503601197612,150,46
157,0.8518634677666757,0.20880762050136556,12,0.007010056929457487,150,1
141,0.5417215634080023,0.10044136848267071,4,0.19949692060455615,150,28
83,0.9319649979882412,0.21623599413889422,3,0.3509249210748787,150,29
54,0.7336651390077555,0.1786484236997286,13,0.10996017975004896,150,6
208,0.9272340087254459,0.16577639589345722,4,0.13319906067933115,150,28
101,0.8056676593684773,0.06742418087354729,12,0.26212984138569045,150,26
144,0.8884977867586075,0.17758821505819955,7,0.3016898745319685,150,43
113,0.6234932887078868,0.15127745208490742,3,0.00018140428396619024,150,0
112,0.514469537726742,0.2995001375448443,11,0.1056746584468004,150,12
247,0.8762996604395501,0.08130163025742257,14,0.15172136089152566,150,37
151,0.793332967490699,0.14919314263007052,7,0.04667720111374973,150,7
176,0.802088393726859,0.2948794810665738,10,0.2144879773436255,150,38
297,0.7700492171588217,0.037930855160737534,6,0.30288067247495765,150,90
170,0.8774959285099904,0.07625960706831128,6,0.04164969997914146,150,7
242,0.8264294532824806,0.07325792737048047,9,0.0981476300143122,150,24
234,0.5778636289136038,0.2594911280946758,4,0.14122688612326698,150,33
169,0.7411050652587041,0.18509856539335742,14,0.33563304451953624,150,57
67,0.6143540086052711,0.06568654202599615,6,0.05626536139185058,150,4
204,0.6981923910809362,0.13497622984797622,10,0.3903944455688003,150,80
121,0.5118439318430543,0.24449646050669405,4,0.24148105775723777,150,29
252,0.9446416716887107,0.27267488771835513,14,0.17157860388668805,150,43
222,0.7571203480333373,0.2196036681979814,9,0.3178957832139017,150,71
131,0.7546940560903894,0.08687367123708198,9,0.1269633974600265,150,17
72,0.5292925298302616,0.18791141945262263,11,0.3151511241047849,150,23
109,0.8952418502919419,0.23206573087467627,6,0.3939825411423842,150,43
299,0.5874069838912865,0.24202686151307914,6,0.1851486964386108,150,55
100,0.9071044036197107,0.24826903717226298,13,0.14808123053914707,150,15
246,0.8532836072791796,0.2464704064627985,14,0.13772512581800248,150,34
101,0.7905389588155689,0.07112734615730823,15,0.05781659544716945,150,6
179,0.835011657998192,0.1475072632866629,4,0.37840577739681325,150,68
100,0.8337279496382403,0.22817336917449874,5,0.2821806334949405,150,28
71,0.6209104704824515,0.14665162585033797,11,0.22547318338661948,150,16
191,0.5587896408486581,0.04182886346609029,13,0.37677121828593846,150,72
232,0.7710256520538494,0.06871603971760018,13,0.32657819428938706,150,76
296,0.6052338690587364,0.18977560811122002,10,0.28999401724640633,150,86
274,0.7455731545840706,0.2388765968794533,3,0.27484047819870916,150,75
132,0.5109113000454882,0.09268288358462819,14,0.2484707913243605,150,33
102,0.6514453889902679,0.09572784373119364,4,0.17754715183668554,150,18
112,0.5970808665354428,0.06183977100063286,4,0.39507288461336343,150,44
180,0.5978938926195412,0.11156006770895731,11,0.1581688248828943,150,28
228,0.7276927641345734,0.2757681913446009,8,0.1870929254937232,150,43
279,0.6809603539475497,0.08501086991949128,10,0.07905480545189728,150,22
292,0.6660959272083494,0.2177414353878358,12,0.24584235645763403,150,72
108,0.5230529552659374,0.19481799424320367,4,0.18622056258502337,150,20
205,0.70011561339005,0.13957001081753911,6,0.06920666238731085,150,14
219,0.9164100298761862,0.12263293518157001,9,0.2712325096702018,150,59
77,0.902978654172555,0.251694162021091,3,0.22447025299376092,150,17
241,0.8972951946298613,0.06018948722186779,13,0.14431837706742615,150,35
271,0.7416718576592876,0.05553913392262749,5,0.37784228706946354,150,102
85,0.8091087590452202,0.16751817363115812,15,0.08278030789896874,150,7
192,0.8357470252007659,0.11108713787748803,5,0.0022337388834948965,150,0
182,0.8627589265671847,0.25460998128740053,12,0.2443854814089572,150,44
260,0.9105495786228486,0.1166995951188083,3,0.06795137127458155,150,18
133,0.7347737235065578,0.08311533178652893,7,0.2794480051603003,150,37
271,0.6698922998983893,0.06233123331294686,15,0.28084507264796726,150,76
291,0.7240091907975854,0.10430820766741929,14,0.09182985487877066,150,27
218,0.9393883430642309,0.27477169246795996,10,0.19599058452532592,150,43
160,0.8345823408296433,0.07700019451716025,5,0.35780071041328265,150,57
128,0.6303317986464048,0.123710125488547,6,0.2951380024812544,150,38
197,0.6528946765472472,0.039549187603451094,8,0.1640836197334889,150,32
165,0.593240813448646,0.09429555888852392,15,0.022805922735206263,150,4
239,0.642560721469086,0.19021146853440468,13,0.3523917242916192,150,84
288,0.7041016471735041,0.21661346525341374,13,0.3981999020101429,150,115
166,0.6133047332764678,0.07765541475903487,15,0.3975828546321927,150,66
290,0.6894356664581627,0.21355486005101532,13,0.12577450535438708,150,36
66,0.6403849635234695,0.13226913590727465,15,0.15428853885057053,150,10
222,0.5901194057120289,0.06277938192137067,8,0.3066297960332352,150,68
149,0.5787372337629619,0.2789768830834579,6,0.23919839066366363,150,36
201,0.7807655289486873,0.2819980798895073,10,0.19755611778423338,150,40
93,0.6557998027081714,0.22139406966466854,4,0.30419202017648944,150,28
81,0.7951258276364326,0.26548392033247004,14,0.0948923299661824,150,8
182,0.519215603615728,0.15807944512817068,12,0.31603340705493543,150,58
273,0.7602825400102318,0.26132599910794146,12,0.1813212231388729,150,50
187,0.670394117350258,0.044679091973561715,7,0.10382822135311016,150,19
278,0.8169200078675043,0.16933489750072936,6,0.19192856448562642,150,53
144,0.8312922076245881,0.2708510936472944,7,0.2691346779628085,150,39
150,0.8429554162672042,0.24224797053223632,10,0.06049984788294149,150,9
276,0.5492960861246524,0.1769445930323433,11,0.1877627994494484,150,52
87,0.6681333574074774,0.23912450015372552,4,0.14235285756552848,150,12
272,0.6077694752668922,0.09800564549898778,10,0.38440988799709863,150,105
262,0.9081197847915226,0.11533030486391863,12,0.1324126770309417,150,35
248,0.5353445667451918,0.20521592195301738,12,0.3277681843775667,150,81
183,0.5705349972261885,0.03692316570187407,6,0.3456560885160184,150,63
65,0.6140485488894674,0.04454273764490285,4,0.3215212013401399,150,21
70,0.8607340221539812,0.04014575925726638,11,0.0873055582236159,150,6
110,0.8824368424539903,0.10182823961504782,3,0.3829861730129422,150,42
145,0.8487989748188058,0.19397647121023107,8,0.20069652638462154,150,29
87,0.8914087726200186,0.22342535542415315,6,0.021783882333941212,150,2
224,0.5631658199375413,0.1342687820924257,13,0.21147032227398013,150,47
258,0.631765633567904,0.12202958220386893,12,0.043610057477471896,150,11
287,0.7166492771755022,0.2540112940082193,3,0.25602875935747765,150,73
219,0.6293588060521004,0.22575505370149013,6,0.295838901844708,150,65
56,0.6381708420399889,0.1646352060853681,14,0.2060535627284668,150,12
139,0.8098776515870452,0.10950801138099503,15,0.06248737337601582,150,9
156,0.5897938481132271,0.1722006296390475,9,0.029535033767335867,150,5
251,0.8644235029081605,0.19782613254739836,3,0.14687636752641023,150,37
289,0.5157583768102191,0.1765522163375706,11,0.038807539333665375,150,11
256,0.8068008382380238,0.15673818667663986,8,0.17039001731863504,150,44
171,0.5986202987970588,0.032080221684531764,10,0.07687898229391527,150,13
277,0.8216024586870794,0.2865241047941057,12,0.16002449230405846,150,44
133,0.7379394930830045,0.16662872847171806,12,0.3414390327076363,150,45
57,0.5911484691968816,0.17349341235506205,9,0.04841649663224342,150,3
153,0.8422139169527758,0.1593665158051727,10,0.1545602421767766,150,24
213,0.789592477562788,0.24114739791016795,13,0.12907509294314104,150,27
190,0.6808335351771909,0.20749509967575094,7,0.3197083412720002,150,61
249,0.9173367519646647,0.15171549052710154,4,0.18210451513375087,150,45
233,0.8189072040775227,0.0647817629527419,9,0.023251332821093255,150,5
281,0.794237608913978,0.2190891048175731,5,0.3234507298815542,150,91
52,0.6349953663478162,0.2254179348463546,14,0.1928298929444281,150,10
161,0.7294357632457069,0.1628704992007712,8,0.37068893878043774,150,60
261,0.7883843733709432,0.13860164274233808,7,0.0030612858127008207,150,1
245,0.8132338868240252,0.05092101524277551,14,0.19095766506272405,150,47
141,0.9488812478249224,0.28528211906097756,15,0.22092126527844846,150,31
257,0.7326033989111611,0.15043134738937644,6,0.2935886137687587,150,75
66,0.7477992260311231,0.13050247940513313,7,0.11184371732578376,150,7
208,0.734902641026733,0.14772834997777146,13,0.2207605339608233,150,46
297,0.533341913031615,0.09060946176515977,11,0.072028016114043,150,21
287,0.529784007177935,0.16629680972985683,8,0.38708108938051417,150,111
158,0.5094649110982004,0.1905230522972382,14,0.2968313533414818,150,47
212,0.6019936066900622,0.1644445447085167,4,0.11200071013973667,150,24
263,0.5890046742264323,0.15728627227588388,8,0.37325851217170547,150,98
120,0.5608715415785823,0.29619242708798144,14,0.35129183924440216,150,42
262,0.930321264571643,0.08599839306999228,9,0.013086347763842791,150,3
243,0.82297224883954,0.18161888651177546,5,0.06963916075435717,150,17
116,0.7868726511352173,0.049725027580527936,5,0.16155011200601097,150,19
277,0.9186369814062054,0.14161841042342577,4,0.339308815157444,150,94
99,0.9496106890362787,0.12580747037918194,12,0.18060508379128615,150,18
285,0.7388238392343567,0.24782284533895485,15,0.3378275732044088,150,96
84,0.9354993346392937,0.18695572312224007,9,0.11657892265226757,150,10
53,0.8892640865656536,0.08284522680518147,10,0.19810892086948073,150,10
280,0.9087727322127567,0.22742446448209339,8,0.1491316917383447,150,42
168,0.7138528938989417,0.049984170334082215,6,0.3491852417822183,150,59
283,0.5682623479603492,0.1338897727232678,6,0.33696547036971847,150,95
164,0.6102439439965646,0.1605018586408553,11,0.2707924292009187,150,44
294,0.9022184411465475,0.09818454033229643,6,0.12296303391387778,150,36
89,0.5184830490132956,0.22914965345348878,6,0.09989832944986797,150,9
95,0.7855629407641418,0.20797406409918204,12,0.38852220365757373,150,37
270,0.7216337143102758,0.2874159526189054,10,0.22829611643927217,150,62
189,0.7508851175859608,0.290059893334615,14,0.07040368328751377,150,13
110,0.710937834580576,0.05213087942115875,8,0.25819740373003597,150,28
234,0.6283203683089031,0.14071468919405822,15,0.12452181492085797,150,29
211,0.6925111462741881,0.2530442828080624,7,0.12864928986947605,150,27
177,0.5771053720201834,0.2687901892197382,3,0.35330992538073136,150,63
124,0.9032869032778617,0.06976179731816058,12,0.33607490125800626,150,42
268,0.935800901328462,0.11296537715744537,12,0.23263951019619752,150,62
65,0.639017548682745,0.0574721570960577,5,0.05290243597035857,150,3
249,0.9228186257880002,0.22295451151511286,12,0.3872395084215545,150,96
178,0.7023349943689554,0.16348267315159598,10,0.15090645550939225,150,27
186,0.8413076017380932,0.262462375584548,5,0.33219502387736854,150,62
154,0.8936414955234988,0.053670818925833016,4,0.26831471083273434,150,41
109,0.5350374312228291,0.11753060329621232,7,0.301006722908681,150,33
140,0.562656654890317,0.09263954144213983,9,0.2504419380285286,150,35
265,0.6502173553118691,0.10874400790446562,13,0.0856928711357739,150,23
143,0.8044882598957801,0.2224639800515538,3,0.1450152217201141,150,21
211,0.8196059052077,0.19631785077809463,10,0.3700471274630863,150,78
73,0.8717486380115933,0.28410524125366055,4,0.35021879620003915,150,26
200,0.6934320937545282,0.10387007546210703,8,0.08941853314463097,150,18
98,0.7596927345579467,0.1690441582057743,13,0.3319834734375382,150,33
54,0.6756557466798162,0.13273449631002524,14,0.10250681182889912,150,6
251,0.5257984538177285,0.05756044113590226,15,0.15893574510232125,150,40
275,0.718304364033376,0.07873319010379973,12,0.3928277660528329,150,108
149,0.9128504931147083,0.21410162340213168,8,0.2008372593271387,150,30
167,0.6848204915934827,0.10326010422923886,9,0.2572279463920421,150,43
235,0.6272050118198911,0.09328232737258162,13,0.10716490716217138,150,25
69,0.9334619296447879,0.23445543136430752,8,0.3247587329315218,150,22
150,0.5794407314141565,0.2705224604614164,9,0.3005414421088697,150,45
192,0.5576620092527269,0.15018499673098717,12,0.38039315129127105,150,73
290,0.7446031474864563,0.2678513581726115,6,0.13678987591003086,150,40
136,0.9241667960118114,0.2924884850083558,13,0.027995963451412954,150,4
94,0.573080808176859,0.11078333311476846,11,0.14584160598533383,150,14
117,0.8796214604215907,0.20678643683059073,10,0.05756783441161441,150,7
218,0.8549789533335233,0.04904454620042745,14,0.3080148896202883,150,67
175,0.9152056824520849,0.12098623797277061,9,0.1889090176804968,150,33
71,0.8684392665775027,0.09607825821464488,15,0.05126950006310702,150,4
236,0.7265982984060472,0.2554495572454566,11,0.31397575741152806,150,74
96,0.5838536332752956,0.20854188980186195,7,0.263623686573509,150,25
264,0.624505870146143,0.08955565679397862,10,0.3126062109545016,150,83
243,0.870070999883736,0.19549117261434448,11,0.09202614438849706,150,22
58,0.5619518437353676,0.1532920672668565,10,0.09877051424922756,150,6
181,0.905404732455875,0.19098817623684014,7,0.2076080470753485,150,38
146,0.5101293254296092,0.060247922364916925,6,0.07583230499110838,150,11
157,0.6096760813169204,0.20381603322281533,13,0.3347032542309379,150,53
221,0.5247889010418828,0.16525301249528765,14,0.29161746190339743,150,64
183,0.8083661340211669,0.12010299814555606,11,0.2805609961253548,150,51
174,0.7096240403996517,0.2920539543347671,10,0.2767716806885109,150,48
284,0.6550289953841046,0.16092887560055605,15,0.1298352315817825,150,37
279,0.7145301461657607,0.031072481143071973,13,0.15277506810510225,150,43
254,0.8013945491250383,0.03485828421786148,13,0.29891662534855035,150,76
213,0.5013775857233813,0.24558563046942322,3,0.05913700697730632,150,13
188,0.8276474553031273,0.2751962872954211,15,0.05983519767138712,150,11
225,0.6483003184099924,0.22210604414635404,14,0.14046682218143322,150,32
161,0.782036786771628,0.05282455524042625,11,0.2401046481206628,150,39
181,0.9320159490932323,0.27417389876129705,10,0.2370176451781159,150,43
215,0.9102205988998013,0.10017081319134064,12,0.1886745694600177,150,41
272,0.7047105073223967,0.08638108902277165,10,0.07783802871860132,150,21
152,0.6585341892181249,0.28071968176574436,3,0.3595554919130678,150,55
53,0.889727422208046,0.06701384140760175,10,0.26772972342673135,150,14
286,0.5718430778183988,0.21053427681256456,3,0.3109502388459393,150,89
257,0.605485234542944,0.07521709956128911,7,0.11836617888094288,150,30
195,0.7760441472769479,0.10534374765168328,9,0.1622810860565726,150,32
185,0.9132442937127161,0.20274418327891042,5,0.34684695154930756,150,64
214,0.6042278514864263,0.17625382785883836,9,0.26535122108413906,150,57
206,0.7193739093416115,0.05418505934825821,12,0.34524965179268197,150,71
260,0.9441822138592506,0.21270117711408096,6,0.026843999639259392,150,7
103,0.825354338124668,0.14524338695691907,14,0.25211313254576595,150,26
174,0.501813651220813,0.19887766502656917,9,0.37471995392994534,150,65
255,0.800556138241776,0.23513811420120861,10,0.014719095626377021,150,4
184,0.8166231529013582,0.041068787433651555,7,0.06360036249538308,150,12
138,0.6990543283298958,0.04562264735648946,8,0.3113653113161715,150,43
128,0.9402002923641699,0.29091623910301045,13,0.21413302274445334,150,27
298,0.7463147883141984,0.14322370937013515,14,0.10208997556839637,150,30
59,0.6819998157043106,0.29777424694153865,11,0.3724972802001449,150,22
264,0.853877927831909,0.0700281621414019,8,0.390416551723927,150,103
170,0.884466942062665,0.12816812749903328,4,0.3229055548059955,150,55
118,0.6683322745040419,0.29695413121280656,9,0.04791241941669314,150,6
172,0.9374667759301353,0.18242577186811715,8,0.11597237792996391,150,20
197,0.6193737629199987,0.04737617208421163,4,0.06533818616030819,150,13
160,0.5745587656476708,0.10180020974304842,12,0.015424479561893346,150,2
125,0.674569385998822,0.16124310935117517,14,0.20517168890772564,150,26
55,0.9470345582606352,0.03130058286034178,7,0.3618352040107271,150,20
252,0.6971841913468817,0.12886783394377455,5,0.36025415643756087,150,91
82,0.8713071717260733,0.2599208885808958,14,0.35664697141135787,150,29
86,0.839643322410778,0.10754579921132519,10,0.34386557899058867,150,30
221,0.6119748874480275,0.17840772081583478,5,0.11397309349184492,150,25
74,0.7523024440620171,0.2407577249708666,8,0.3287440730340176,150,24
61,0.9212337416600695,0.2930922926916929,3,0.05106542542913112,150,3
76,0.8588321750329131,0.26926372088336775,4,0.07289257551193447,150,6
165,0.8758757310144063,0.286016844017308,5,0.09296165050682352,150,15
237,0.5661569796504027,0.10289359937559946,8,0.3715864183136012,150,88
131,0.8476503892578675,0.05828672623774533,6,0.0886293111818181,150,12
52,0.7083833224298641,0.1885772888562229,11,0.1639459575464154,150,9
68,0.8327032999495702,0.24427664393211254,11,0.008651121151104628,150,1
147,0.5947402850645139,0.11904732649163656,12,0.11681875377794496,150,17
203,0.6537996958332468,0.11245587920911597,8,0.2888385236225947,150,59
275,0.8111210388067305,0.05262532191278015,13,0.028081021446909167,150,8
299,0.7995157157151305,0.26420500515551937,12,0.006380710373455173,150,2
248,0.9250948062108306,0.2978873214958033,4,0.36922004228098215,150,92
162,0.6110437856410365,0.22643950669168125,4,0.2977320807680116,150,48
282,0.5819163146256241,0.16198908513341556,14,0.22914665568028103,150,65
50,0.5696271714651323,0.24939539166593327,11,0.061748451429556095,150,3
92,0.6786065449434093,0.20047666186200222,5,0.2842560360189054,150,26
113,0.7065962628843674,0.24534323352993104,6,0.3640096236179218,150,41
230,0.7077595631376921,0.056484273264261045,9,0.010499393231769542,150,2
293,0.883427843203162,0.25490991252992157,5,0.04463935078955803,150,13
293,0.6725391169519627,0.29933053704216783,4,0.2834972290358486,150,83
136,0.6601810964894057,0.25729841534226394,13,0.06451364021636995,150,9
85,0.8293735302774705,0.21805864988859122,12,0.13929513484155248,150,12
91,0.7964995864533508,0.28789618141074624,9,0.3259894383771711,150,30
300,0.5040288936284983,0.08116633408174989,13,0.05502075540334214,150,17
268,0.5473857421287179,0.23353081974999218,7,0.24689854420933519,150,66
137,0.542870678360474,0.038208162981910064,10,0.2593960501998512,150,36
135,0.7429741062956452,0.20197526626503073,10,0.2555906703954244,150,35
194,0.7645715761292602,0.19419911379372093,11,0.036757538046013255,150,7
187,0.6227786570129441,0.07422923105384568,6,0.35692554293839895,150,67
147,0.6176808964770582,0.1857694414199198,11,0.20457145241108574,150,30
60,0.823630242627088,0.23822404876601644,14,0.12538830094769338,150,8
274,0.9262922120588233,0.08424220637627713,11,0.0958668616713606,150,26
281,0.9425366185050725,0.23744406232396645,8,0.009978334117520415,150,3
265,0.6654319564593838,0.13580381512011547,7,0.26027423072873423,150,69
78,0.6066271813517831,0.2121860459605516,4,0.2881176073730166,150,22
118,0.5575668229879908,0.23991020346657774,7,0.37540389614320535,150,44
154,0.8922081283614142,0.26995928695032734,5,0.14759738712183146,150,23
247,0.6713354686472123,0.10589177519593128,4,0.34053349628326174,150,84
72,0.6616518041637888,0.1744063266423261,7,0.017725317576788916,150,1
119,0.7212958961157112,0.11827106023265464,6,0.030902005200035068,150,4
63,0.7285031416996701,0.18071575029017167,11,0.16905960427379974,150,11
